Order ID,Order Date,Ship Date,Ship Mode,Customer ID,First Name,Last Name,Segment,Country,City,State,District,Postal Code,Region,Product ID,Cat.,Sub-Category,Product Name,Price,Quantity
,,,,AC-10299,Charles,Sim,,,,,,,,,,,,NULL,NULL
CA-2017-1521561,8/11/2017,11/11/2017,1,CG-12520,Claire,Gute,Consumer,United States,Henderson,Kentucky,,42420,South,FUR-BO-10001798,Furniture,Bookcases,Bush Somerset Collection Bookcase,37.42,7
CA-2017-1521562,8/11/2017,11/11/2017,1,CG-12520,Claire,Gute,Consumer,United States,Henderson,Kentucky,,42420,South,FUR-CH-10000454,Furniture,Chairs,"Hon Deluxe Fabric Upholstered Stacking Chairs, Rounded Back",91.49,8
CA-2017-1386881,12/6/2017,6/6/2017,1,DV-13045,Darrin,Van Huff,Corporate,United States,Los Angeles,California,,90036,West,OFF-LA-10000240,Office Supplies,Labels,Self-Adhesive Address Labels for Typewriters by Universal,2.44,6
US-2016-1089661,11/10/2016,10/10/2016,2,SO-20335,Sean,O'Donnell,Consumer,United States,Fort Lauderdale,Florida,,33311,South,FUR-TA-10000577,Furniture,Tables,Bretford CR4500 Series Slim Rectangular Table,319.19,3
US-2016-1089662,11/10/2016,10/10/2016,2,SO-20335,Sean,O'Donnell,Consumer,United States,Fort Lauderdale,Florida,,33311,South,OFF-ST-10000760,Office Supplies,Storage,Eldon Fold 'N Roll Cart System,2.24,10
CA-2015-1158121,9/6/2015,7/6/2015,2,BH-11710,Brosina,Hoffman,Consumer,United States,Los Angeles,California,,90032,West,FUR-FU-10001487,Furniture,Furnishings,"Eldon Expressions Wood and Plastic Desk Accessories, Cherry Wood",48.86,1
CA-2015-1158122,9/6/2015,7/6/2015,2,BH-11710,Brosina,Hoffman,Consumer,United States,Los Angeles,California,,90032,West,OFF-AR-10002833,Office Supplies,Art,Newell 322,3.64,2
CA-2015-1158123,9/6/2015,7/6/2015,2,BH-11710,Brosina,Hoffman,Consumer,United States,Los Angeles,California,,90032,West,TEC-PH-10002275,Technology,Phones,Mitel 5320 IP Phone VoIP phone,100.79,9
CA-2015-1158124,9/6/2015,7/6/2015,2,BH-11710,Brosina,Hoffman,Consumer,United States,Los Angeles,California,,90032,E,OFF-BI-10003910,Office Supplies,Binders,DXL Angle-View Binders with Locking Rings by Samsill,9.25,2
CA-2015-1158125,9/6/2015,7/6/2015,2,BH-11710,Brosina,Hoffman,Consumer,United States,Los Angeles,California,,90032,E,OFF-AP-10002892,Office Supplies,Appliances,Belkin F5C206VTEL 6 Outlet Surge,22.98,5
CA-2015-1158126,9/6/2015,7/6/2015,2,BH-11710,Brosina,Hoffman,Consumer,United States,Los Angeles,California,,90032,E,FUR-TA-10001539,Furniture,Tables,Chromcraft Rectangular Conference Tables,"1,706.18",1
CA-2015-1158127,9/6/2015,7/6/2015,2,BH-11710,Brosina,Hoffman,Consumer,United States,Los Angeles,California,,90032,E,TEC-PH-10002033,Technology,Phones,Konftel 250 Conference phone - Charcoal black,101.27,9
CA-2018-1144128,3/4/2018,1/4/2018,2,AA-10480,Andrew,Allen,Consumer,United States,Concord,North Carolina,,28027,South,OFF-PA-10002365,Office Supplies,Paper,Xerox 1967,1.56,10
CA-2017-1613891,5/12/2017,11/12/2017,2,IM-15070,Irene,Maddox,Consumer,United States,Seattle,Washington,,98103,West,OFF-BI-10003656,Office Supplies,Binders,Fellowes PB200 Plastic Comb Binding Machine,51,8
US-2016-1189831,11/11/2016,10/11/2016,2,HP-14815,Harold,Pawlan,Home Office,United States,Fort Worth,Texas,,76106,Central,OFF-AP-10002311,Office Supplies,Appliances,"Holmes Replacement Filter for HEPA Air Cleaner, Very Large Room, HEPA Filter",17.2,4
US-2016-1189832,11/11/2016,10/11/2016,2,HP-14815,Harold,Pawlan,Home Office,United States,Fort Worth,Texas,,76106,Central,OFF-BI-10000756,Office Supplies,Binders,Storex DuraTech Recycled Plastic Frosted Binders,2.54,1
CA-2015-1058933,11/11/2015,9/11/2015,2,PK-19075,Pete,Kriz,Consumer,United States,Madison,Wisconsin,,53711,Central,OFF-ST-10004186,Office Supplies,Storage,"Stur-D-Stor Shelving, Vertical 5-Shelf: 72""H x 36""W x 18 1/2""D",665.88,1
CA-2015-1671641,10/5/2015,5/5/2015,1,AG-10270,Alejandro,Grove,Consumer,United States,West Jordan,Utah,,84084,West,OFF-ST-10000107,Office Supplies,Storage,Fellowes Super Stor/Drawer,11.1,5
CA-2015-1433361,9/8/2015,1/9/2015,1,ZD-21925,Zuschuss,Donatelli,Consumer,United States,San Francisco,California,,94109,West,OFF-AR-10003056,Office Supplies,Art,Newell 341,4.28,2
CA-2015-1433362,9/8/2015,1/9/2015,1,ZD-21925,Zuschuss,Donatelli,Consumer,United States,San Francisco,California,,94109,West,TEC-PH-10001949,Technology,Phones,Cisco SPA 501G IP Phone,42.7,5
CA-2017-1521561,8/11/2017,11/11/2017,1,CG-12520,Claire,Gute,Consumer,United States,Henderson,Kentucky,,42420,South,FUR-BO-10001798,Furniture,Bookcases,Bush Somerset Collection Bookcase,37.42,7
CA-2017-1521562,8/11/2017,11/11/2017,1,CG-12520,Claire,Gute,Consumer,United States,Henderson,Kentucky,,42420,South,FUR-CH-10000454,Furniture,Chairs,"Hon Deluxe Fabric Upholstered Stacking Chairs, Rounded Back",91.49,8
